<?xml version="1.0" encoding="ISO-8859-1"?>
<map>
  <room>
    <name>Entrance</name>
    <item>shovel</item>
    <item>bucket</item>
    <description>Room - Entrance</description>
    <border>
      <direction>north</direction>
      <name>Main</name>
    </border>
  </room>
  <room>
    <name>Main</name>
    <description>Room - Main</description>
    <border>
      <direction>south</direction>
      <name>Entrance</name>
    </border>
    <border>
      <direction>north</direction>
      <name>Staircase</name>
    </border>
  </room>
  <room>
    <type>exit</type>
    <name>Staircase</name>
    <description>Room - Staircase (exit)</description>
    <border>
      <name>Main</name>
      <direction>south</direction>
    </border>
  </room>
  <item>
    <writing>THIS IS A SHOVEL</writing>
    <name>shovel</name>
    <turnon>
      <print>The shovel GLOWS! And you drop it...</print>
      <action>drop shovel</action>
    </turnon>
  </item>
  <item>
    <name>bucket</name>
  </item>
</map>
